target,n,hard_n,gold_pos,gold_neg,pred_pos,pred_neg,uncertain,accuracy,precision,recall,f1,auc
ACL,58,58,24,34,28,30,0,0.8275862068965517,0.75,0.875,0.8076923076923077,0.8682598039215687
MCL,58,58,9,49,20,38,0,0.8103448275862069,0.45,1.0,0.6206896551724138,0.9206349206349206
Medial Meniscus,58,56,26,30,29,27,2,0.875,0.8275862068965517,0.9230769230769231,0.8727272727272727,0.8935897435897436
Lateral Meniscus,58,58,23,35,25,33,0,0.7931034482758621,0.72,0.782608695652174,0.75,0.8074534161490683
Medial Femoral Condyle OA,58,57,15,42,15,42,1,0.8947368421052632,0.8,0.8,0.8,0.8690476190476191
Lateral Femoral Condyle OA,58,57,11,46,21,36,1,0.7192982456140351,0.38095238095238093,0.7272727272727273,0.5,0.7351778656126483
Patellofemoral OA,58,58,21,37,29,29,0,0.7241379310344828,0.5862068965517241,0.8095238095238095,0.68,0.7998712998712998
Effusion,58,58,35,23,52,6,0,0.7068965517241379,0.6730769230769231,1.0,0.8045977011494253,0.6304347826086957
Synovitis,58,57,27,30,22,35,1,0.631578947368421,0.6363636363636364,0.5185185185185185,0.5714285714285714,0.6209876543209878
Baker's,58,58,12,46,16,42,0,0.896551724137931,0.6875,0.9166666666666666,0.7857142857142857,0.904891304347826
Contusion,58,58,19,39,25,33,0,0.7931034482758621,0.64,0.8421052631578947,0.7272727272727273,0.8056680161943319
Fracture,58,58,18,40,21,37,0,0.8793103448275862,0.7619047619047619,0.8888888888888888,0.8205128205128205,0.8784722222222222
